City_ID,City,Country,Date,Lat,Lng,Max Temp,Humidity,Cloudiness,Wind Speed
0,Barrow,US,2021-02-07 03:11:28,71.2906,-156.7887,-4.0,77,90,17.27
1,Chengdu,CN,2021-02-07 03:07:51,30.6667,104.0667,55.99,81,0,2.24
2,Ilulissat,GL,2021-02-07 03:11:24,69.2167,-51.1,28.4,40,0,23.02
3,Ponta Do Sol,PT,2021-02-07 03:11:58,32.6667,-17.1,54.0,64,28,5.99
4,Samarai,PG,2021-02-07 03:12:24,-10.6167,150.6667,85.73,71,46,4.7
5,Ushuaia,AR,2021-02-07 03:09:23,-54.8,-68.3,50.0,71,40,9.22
6,Arkhangelsk,RU,2021-02-07 03:07:59,64.5401,40.5433,-11.2,84,75,2.24
7,Kapaa,US,2021-02-07 03:12:33,22.0752,-159.319,71.6,56,75,3.44
8,Aksarka,RU,2021-02-07 03:12:33,66.5606,67.7975,-32.78,83,100,22.73
9,Susanville,US,2021-02-07 03:09:28,40.4163,-120.653,37.4,75,1,8.05
10,Clyde River,CA,2021-02-07 03:12:33,70.4692,-68.5914,-11.2,84,20,2.3
11,Tiksi,RU,2021-02-07 03:11:42,71.6872,128.8694,-25.47,85,100,6.11
12,Hasaki,JP,2021-02-07 03:11:21,35.7333,140.8333,61.0,36,20,5.75
13,Upernavik,GL,2021-02-07 03:12:34,72.7868,-56.1549,18.82,77,33,4.68
14,Iqaluit,CA,2021-02-07 03:12:34,63.7506,-68.5145,24.8,68,90,5.75
15,Chimore,BO,2021-02-07 03:12:34,-16.9833,-65.1333,76.6,72,78,2.53
16,Luderitz,NA,2021-02-07 03:12:34,-26.6481,15.1594,67.1,73,0,24.52
17,Arraial Do Cabo,BR,2021-02-07 03:12:34,-22.9661,-42.0278,71.78,84,100,8.16
18,Virginia Beach,US,2021-02-07 03:12:34,36.8529,-75.978,45.0,57,90,3.44
19,Vangaindrano,MG,2021-02-07 03:12:35,-23.35,47.6,76.78,89,100,7.67
20,Dikson,RU,2021-02-07 03:12:35,73.5069,80.5464,-27.17,87,91,9.69
21,Iglino,RU,2021-02-07 03:12:35,54.8324,56.4126,1.4,71,75,17.9
22,Puerto Baquerizo Moreno,EC,2021-02-07 03:12:35,-0.9,-89.6,76.59,86,0,7.9
23,Albany,US,2021-02-07 03:12:35,42.6001,-73.9662,24.01,50,0,2.37
24,Severo-Kurilsk,RU,2021-02-07 03:10:51,50.6789,156.125,22.48,93,93,23.04
25,Dali,CN,2021-02-07 03:12:36,25.7,100.1833,57.31,41,5,1.05
26,Jamestown,US,2021-02-07 03:11:26,42.097,-79.2353,15.8,53,1,6.91
27,Kruisfontein,ZA,2021-02-07 03:11:22,-34.0033,24.7314,66.99,81,1,1.01
28,Mantua,IT,2021-02-07 03:10:10,45.1667,10.7833,48.99,97,100,7.0
29,Puerto Ayora,EC,2021-02-07 03:11:10,-0.7393,-90.3518,77.0,94,53,6.51
30,Henties Bay,NA,2021-02-07 03:12:37,-22.116,14.2845,63.0,90,17,3.0
31,Ahipara,NZ,2021-02-07 03:10:49,-35.1667,173.1667,68.68,67,96,1.72
32,Sola,VU,2021-02-07 03:11:22,-13.8833,167.55,81.99,76,20,7.09
33,Waipawa,NZ,2021-02-07 03:12:37,-41.4122,175.5153,66.99,72,86,8.05
34,Diamantina,BR,2021-02-07 03:12:37,-18.2494,-43.6003,63.93,99,100,3.78
35,Mount Gambier,AU,2021-02-07 03:11:46,-37.8333,140.7667,64.4,55,90,14.97
36,Laxou,FR,2021-02-07 03:12:25,48.6832,6.148,48.2,93,75,5.75
37,Najran,SA,2021-02-07 03:10:50,17.4924,44.1277,57.2,54,0,2.21
38,Alim,PH,2021-02-07 03:12:38,9.5649,122.4876,86.29,65,87,11.5
39,Vaini,TO,2021-02-07 03:10:33,-21.2,-175.2,82.4,83,75,9.22
40,Khatanga,RU,2021-02-07 03:11:31,71.9667,102.5,-34.96,78,0,8.88
41,Punta Arenas,CL,2021-02-07 03:12:38,-53.15,-70.9167,48.2,76,0,11.5
42,Mataura,NZ,2021-02-07 03:11:30,-46.1927,168.8643,81.05,44,17,1.7
43,Otradnoye,RU,2021-02-07 03:12:39,59.7775,30.8181,10.4,85,75,13.42
44,Beringovskiy,RU,2021-02-07 03:12:39,63.05,179.3167,-7.49,90,67,11.59
45,Jatai,BR,2021-02-07 03:12:39,-17.8814,-51.7144,67.48,90,85,3.0
46,Aklavik,CA,2021-02-07 03:09:44,68.2191,-135.0107,-18.4,76,100,5.75
47,Kodiak,US,2021-02-07 03:12:40,57.79,-152.4072,33.8,60,1,5.75
48,Half Moon Bay,US,2021-02-07 03:11:20,37.4636,-122.4286,55.99,87,1,8.05
49,Plettenberg Bay,ZA,2021-02-07 03:12:40,-34.0527,23.3716,67.1,81,47,7.07
50,Acari,PE,2021-02-07 03:12:40,-15.4311,-74.6158,72.93,70,100,2.24
51,Qaanaaq,GL,2021-02-07 03:12:41,77.484,-69.3632,12.2,88,100,6.06
52,Busselton,AU,2021-02-07 03:11:02,-33.65,115.3333,62.01,93,100,4.0
53,Hobart,AU,2021-02-07 03:12:41,-42.8794,147.3294,69.01,48,40,18.41
54,Narsaq,GL,2021-02-07 03:11:29,60.9167,-46.05,44.6,31,75,17.27
55,Junagarh,IN,2021-02-07 03:12:42,19.8667,82.9333,67.73,34,29,2.53
56,Alenquer,BR,2021-02-07 03:12:42,-1.9417,-54.7383,78.8,83,0,6.91
57,Amapa,BR,2021-02-07 03:11:31,1.0,-52.0,72.03,98,95,1.39
58,Atuona,PF,2021-02-07 03:12:42,-9.8,-139.0333,79.77,82,82,19.62
59,Hermanus,ZA,2021-02-07 03:12:43,-34.4187,19.2345,66.0,94,98,7.94
60,Rikitea,PF,2021-02-07 03:12:43,-23.1203,-134.9692,78.55,70,82,10.76
61,Bredasdorp,ZA,2021-02-07 03:12:43,-34.5322,20.0403,64.4,94,98,2.3
62,Yakeshi,CN,2021-02-07 03:12:43,49.2833,120.7333,-10.91,87,65,4.68
63,Meulaboh,ID,2021-02-07 03:11:44,4.1363,96.1285,83.5,71,67,3.31
64,Farmington,US,2021-02-07 03:12:44,36.7281,-108.2187,37.4,30,1,1.66
65,Bluff,NZ,2021-02-07 03:11:24,-46.6,168.3333,61.65,74,0,8.46
66,Esperance,AU,2021-02-07 03:12:44,-33.8667,121.9,60.8,94,90,12.66
67,Lebu,CL,2021-02-07 03:10:23,-37.6167,-73.65,58.12,94,82,2.24
68,Saint-Philippe,RE,2021-02-07 03:12:44,-21.3585,55.7679,80.6,69,0,5.75
69,East London,ZA,2021-02-07 03:08:23,-33.0153,27.9116,72.03,83,82,16.78
70,Vila Franca Do Campo,PT,2021-02-07 03:12:22,37.7167,-25.4333,59.0,94,75,18.41
71,Mar Del Plata,AR,2021-02-07 03:12:45,-38.0023,-57.5575,64.0,77,20,11.5
72,Portland,US,2021-02-07 03:10:34,45.5234,-122.6762,46.99,87,90,6.91
73,Grindavik,IS,2021-02-07 03:11:20,63.8424,-22.4338,33.8,60,0,14.97
74,Ancud,CL,2021-02-07 03:10:52,-41.8697,-73.8203,55.4,67,0,3.44
75,Sao Joao Da Barra,BR,2021-02-07 03:12:45,-21.6403,-41.0511,71.04,95,100,15.01
76,Partapur,IN,2021-02-07 03:12:46,23.6,74.1667,60.01,34,0,8.05
77,Bambous Virieux,MU,2021-02-07 03:12:09,-20.3428,57.7575,79.0,94,40,3.44
78,Ugoofaaru,MV,2021-02-07 03:12:46,5.6667,73.0,81.55,71,11,11.21
79,Havoysund,NO,2021-02-07 03:12:46,70.9963,24.6622,27.28,93,100,23.13
80,Fortuna,US,2021-02-07 03:12:46,40.5982,-124.1573,48.0,93,90,8.05
81,Airai,TL,2021-02-07 03:12:46,-8.9266,125.4092,73.89,73,54,5.86
82,Chumikan,RU,2021-02-07 03:12:47,54.7183,135.315,-5.67,85,100,13.91
83,Northam,GB,2021-02-07 03:12:47,51.0333,-4.2167,39.99,86,43,8.01
84,Georgetown,MY,2021-02-07 03:10:04,5.4112,100.3354,86.0,74,20,6.91
85,Vardo,NO,2021-02-07 03:12:20,70.3705,31.1107,26.58,91,100,29.53
86,Port Alfred,ZA,2021-02-07 03:12:47,-33.5906,26.891,68.0,84,33,5.99
87,Thompson,CA,2021-02-07 03:11:45,55.7435,-97.8558,-29.2,68,40,12.66
88,Hilo,US,2021-02-07 03:12:48,19.7297,-155.09,75.2,60,90,5.75
89,Litovko,RU,2021-02-07 03:12:48,49.2361,135.1742,-0.49,90,100,2.3
90,Belaya Gora,RU,2021-02-07 03:12:48,68.5333,146.4167,-29.07,82,0,0.27
91,Eyl,SO,2021-02-07 03:12:48,7.9803,49.8164,74.44,81,52,12.01
92,Bethel,US,2021-02-07 03:12:48,41.3712,-73.414,32.0,68,1,4.29
93,Newcastleton,GB,2021-02-07 03:12:49,55.1796,-2.8127,32.0,93,75,24.16
94,Evensk,RU,2021-02-07 03:11:51,61.95,159.2333,18.32,84,100,28.16
95,Codrington,AU,2021-02-07 03:12:49,-38.2667,141.9667,62.92,62,92,14.0
96,Kavieng,PG,2021-02-07 03:12:49,-2.5744,150.7967,84.99,64,30,3.74
97,Sitka,US,2021-02-07 03:12:50,57.0531,-135.33,32.0,55,20,4.61
98,Saint George,US,2021-02-07 03:12:50,37.1041,-113.5841,52.0,24,1,3.44
99,Nizhniy Kuranakh,RU,2021-02-07 03:12:50,58.8353,125.4869,-9.9,86,90,0.58
100,Victoria,HK,2021-02-07 03:08:05,22.2855,114.1577,70.0,75,0,1.99
101,San Jose,US,2021-02-07 03:10:27,37.3394,-121.895,59.0,62,40,4.61
102,Saint-Augustin,CA,2021-02-07 03:12:51,51.226,-58.6502,31.37,97,100,19.64
103,Kahului,US,2021-02-07 03:12:51,20.8947,-156.47,75.2,57,20,8.05
104,Sayat,TM,2021-02-07 03:12:51,38.7839,63.8803,46.4,93,90,2.3
105,Nouadhibou,MR,2021-02-07 03:12:52,20.931,-17.0347,60.8,72,0,20.71
106,Cidreira,BR,2021-02-07 03:10:10,-30.1811,-50.2056,67.46,76,76,6.78
107,Cherskiy,RU,2021-02-07 03:11:07,68.75,161.3,-3.15,81,0,2.82
108,Skala,PL,2021-02-07 03:12:52,50.2305,19.8536,19.99,86,90,20.71
109,Naryan-Mar,RU,2021-02-07 03:12:53,67.6713,53.087,-24.14,85,100,12.57
110,Pisco,PE,2021-02-07 03:09:24,-13.7,-76.2167,69.8,83,75,3.44
111,Mehamn,NO,2021-02-07 03:12:53,71.0357,27.8492,25.5,95,100,22.97
112,Shumskiy,RU,2021-02-07 03:12:53,54.8318,99.1328,19.45,91,83,5.01
113,Ilinskiy,RU,2021-02-07 03:12:53,55.619,38.1182,1.4,78,75,6.71
114,Bushehr,IR,2021-02-07 03:12:54,28.9684,50.8385,62.6,82,40,13.8
115,Koungou,YT,2021-02-07 03:12:54,-12.7336,45.2042,80.6,83,20,6.91
116,Otavalo,EC,2021-02-07 03:12:54,0.2333,-78.2667,57.2,94,40,4.61
117,Ribeira Grande,PT,2021-02-07 03:12:54,38.5167,-28.7,61.27,89,96,20.85
118,San Jeronimo,PE,2021-02-07 03:11:36,-11.9472,-75.2829,51.06,75,91,1.63
119,Honiara,SB,2021-02-07 03:12:55,-9.4333,159.95,78.58,86,100,8.52
120,Carbondale,US,2021-02-07 03:11:39,37.7273,-89.2168,27.0,86,90,12.66
121,Teguise,ES,2021-02-07 03:12:55,29.0605,-13.564,59.0,72,0,9.22
122,Cape Town,ZA,2021-02-07 03:12:20,-33.9258,18.4232,69.01,83,40,14.97
123,Richards Bay,ZA,2021-02-07 03:12:02,-28.783,32.0377,72.46,86,53,8.21
124,Bengkulu,ID,2021-02-07 03:10:58,-3.8004,102.2655,86.2,54,89,4.59
125,Coquimbo,CL,2021-02-07 03:12:56,-29.9533,-71.3436,59.0,82,0,4.61
126,Honningsvag,NO,2021-02-07 03:12:57,70.9821,25.9704,27.48,94,100,25.3
127,Saskylakh,RU,2021-02-07 03:12:34,71.9167,114.0833,-42.25,78,22,7.87
128,Banda Aceh,ID,2021-02-07 03:12:57,5.5577,95.3222,83.71,68,34,11.07
129,Sioux Lookout,CA,2021-02-07 03:12:57,50.1001,-91.917,-14.8,64,90,13.8
130,Port Macquarie,AU,2021-02-07 03:12:57,-31.4333,152.9167,87.01,47,99,3.0
131,Irbil,IQ,2021-02-07 03:12:58,36.1926,44.0106,42.8,100,30,4.61
132,Sim,RU,2021-02-07 03:12:58,54.993,57.6982,-3.32,88,100,15.79
133,Goderich,CA,2021-02-07 03:12:58,43.7501,-81.7165,19.4,79,100,14.97
134,Hingoli,IN,2021-02-07 03:12:58,19.7167,77.15,66.2,45,0,2.3
135,Jawhar,SO,2021-02-07 03:12:59,2.7809,45.5005,69.22,91,0,8.16
136,Nanhai,CN,2021-02-07 03:12:59,30.1282,111.7784,46.99,97,100,7.25
137,Santa Maria Do Suacui,BR,2021-02-07 03:12:59,-18.1903,-42.4142,69.55,96,100,0.67
138,Faanui,PF,2021-02-07 03:12:59,-16.4833,-151.75,82.81,66,0,9.95
139,La Paz,BO,2021-02-07 03:10:14,-16.5,-68.15,46.4,76,40,6.91
140,Lagoa,PT,2021-02-07 03:11:34,39.05,-27.9833,60.26,91,97,27.47
141,Rawson,AR,2021-02-07 03:12:02,-43.3002,-65.1023,58.44,69,37,17.96
142,Avarua,CK,2021-02-07 03:13:00,-21.2078,-159.775,86.0,70,12,10.36
143,Provideniya,RU,2021-02-07 03:11:39,64.3833,-173.3,-0.04,86,2,8.41
144,Hamilton,US,2021-02-07 03:08:26,39.1834,-84.5333,30.0,74,90,5.73
145,Usolye,RU,2021-02-07 03:13:00,59.4268,56.6808,1.99,75,100,8.03
146,Great Falls,US,2021-02-07 03:12:11,47.5002,-111.3008,-2.0,77,90,4.61
147,Butaritari,KI,2021-02-07 03:13:01,3.0707,172.7902,80.91,81,65,21.21
148,Carhuamayo,PE,2021-02-07 03:13:01,-10.9167,-76.0333,39.99,92,96,0.54
149,Umm Lajj,SA,2021-02-07 03:13:01,25.0213,37.2685,67.06,51,0,17.98
150,Tuktoyaktuk,CA,2021-02-07 03:11:26,69.4541,-133.0374,-16.6,76,90,23.02
151,Koslan,RU,2021-02-07 03:13:01,63.4564,48.8989,-25.6,82,35,10.4
152,Povenets,RU,2021-02-07 03:13:02,62.8487,34.8262,11.21,94,97,8.1
153,Araouane,ML,2021-02-07 03:13:02,18.9048,-3.5265,66.47,26,87,14.38
154,Salinopolis,BR,2021-02-07 03:13:02,-0.6136,-47.3561,78.78,88,64,9.48
155,Kaoma,ZM,2021-02-07 03:13:02,-14.7833,24.8,64.44,95,100,3.89
156,New Norfolk,AU,2021-02-07 03:11:24,-42.7826,147.0587,69.01,46,55,3.0
157,Saint-Louis,SN,2021-02-07 03:13:03,16.3333,-15.0,62.89,33,72,10.49
158,Opuwo,NA,2021-02-07 03:12:13,-18.0607,13.84,70.79,42,92,2.17
159,Gamba,GA,2021-02-07 03:13:04,-2.65,10.0,77.95,87,100,5.39
160,Kloulklubed,PW,2021-02-07 03:12:29,7.0419,134.2556,82.4,89,75,14.97
161,Ayr,GB,2021-02-07 03:13:04,55.4627,-4.6339,35.6,69,75,17.27
162,Kaeo,NZ,2021-02-07 03:13:04,-35.1,173.7833,71.01,67,88,10.0
163,Saldanha,ZA,2021-02-07 03:12:05,-33.0117,17.9442,66.2,88,3,5.75
164,Pitea,SE,2021-02-07 03:13:05,65.3172,21.4794,15.8,86,75,12.66
165,Kindu,CD,2021-02-07 03:12:24,-2.95,25.95,71.51,90,99,2.01
166,Tiarei,PF,2021-02-07 03:13:06,-17.5333,-149.3333,84.2,65,20,13.8
167,Udankudi,IN,2021-02-07 03:13:06,8.4333,78.0167,78.8,69,20,4.61
168,Las Juntas,MX,2021-02-07 03:13:06,19.4167,-104.7,80.6,74,75,2.04
169,Hithadhoo,MV,2021-02-07 03:13:07,-0.6,73.0833,81.52,74,61,11.59
170,Elko,US,2021-02-07 03:13:07,41.0002,-115.5012,41.0,38,1,10.0
171,Sao Filipe,CV,2021-02-07 03:11:53,14.8961,-24.4956,69.21,74,18,12.66
172,Mahebourg,MU,2021-02-07 03:13:07,-20.4081,57.7,77.0,94,40,3.44
173,Ola,RU,2021-02-07 03:13:07,59.5833,151.2833,19.81,88,100,18.66
174,Chuy,UY,2021-02-07 03:13:07,-33.6971,-53.4616,66.29,91,0,7.81
175,Tongzi,CN,2021-02-07 03:13:08,28.7829,105.0877,60.94,54,15,1.92
176,Saharsa,IN,2021-02-07 03:10:20,25.8833,86.6,60.39,62,33,8.7
177,Dingle,PH,2021-02-07 03:13:08,10.9995,122.6711,81.81,80,86,13.82
178,Ogbomosho,NG,2021-02-07 03:13:08,8.133,4.25,77.0,41,100,4.61
179,Xining,CN,2021-02-07 03:10:14,36.6167,101.7667,28.89,63,93,2.13
180,San Ramon,US,2021-02-07 03:13:09,37.7799,-121.978,55.99,54,1,3.44
181,Palmer,US,2021-02-07 03:09:15,42.1584,-72.3287,27.0,63,75,3.8
182,Akyab,MM,2021-02-07 03:13:09,20.15,92.9,70.5,43,0,5.93
183,Sur,OM,2021-02-07 03:13:10,22.5667,59.5289,62.62,66,0,7.0
184,Acapulco,MX,2021-02-07 03:12:16,16.8634,-99.8901,78.8,78,1,5.75
185,Belmonte,BR,2021-02-07 03:13:10,-15.8631,-38.8828,77.0,88,20,4.61
186,Flinders,AU,2021-02-07 03:13:10,-34.5833,150.8552,82.99,44,40,11.5
187,De-Kastri,RU,2021-02-07 03:13:10,51.4667,140.7833,-1.12,87,96,13.29
188,Durango,MX,2021-02-07 03:12:53,24.8333,-104.8333,51.91,38,3,5.46
189,Lata,PT,2021-02-07 03:12:25,40.1629,-8.3327,48.99,75,33,1.99
190,Castro,BR,2021-02-07 03:10:25,-24.7911,-50.0119,61.16,91,60,10.04
191,Agadez,NE,2021-02-07 03:13:11,19.75,10.25,56.95,33,23,4.34
192,Abeche,TD,2021-02-07 03:13:11,13.8292,20.8324,62.83,28,44,19.22
193,Idil,TR,2021-02-07 03:13:12,37.3411,41.8895,41.0,66,0,6.2
194,Tezu,IN,2021-02-07 03:13:12,27.9167,96.1667,72.77,21,5,2.35
195,Santa Maria,BR,2021-02-07 03:13:12,-29.6842,-53.8069,66.2,100,0,2.3
196,Celestun,MX,2021-02-07 03:13:12,20.8667,-90.4,73.71,84,0,5.84
197,Nanortalik,GL,2021-02-07 03:13:13,60.1432,-45.2371,25.97,90,100,7.45
198,Hovd,MN,2021-02-07 03:13:13,48.0056,91.6419,12.52,88,0,1.57
199,Grand Gaube,MU,2021-02-07 03:13:13,-20.0064,57.6608,79.0,82,0,1.99
200,Laureles,US,2021-02-07 03:13:13,26.1092,-97.4941,66.0,100,1,6.91
201,Bowen,AU,2021-02-07 03:13:13,-20.0167,148.2333,89.6,58,40,8.05
202,Harer,ET,2021-02-07 03:13:14,9.3094,42.1258,51.64,86,7,9.06
203,Bojnurd,IR,2021-02-07 03:13:14,37.4747,57.329,41.0,93,90,4.61
204,Tianpeng,CN,2021-02-07 03:13:14,30.9866,103.9393,60.01,1,0,4.61
205,Nishihara,JP,2021-02-07 03:13:14,26.1842,127.7558,71.6,53,40,11.5
206,Les Cayes,HT,2021-02-07 03:13:15,18.2,-73.75,76.06,82,20,8.3
207,Puerto Palomas,MX,2021-02-07 03:13:15,31.7667,-107.6167,48.2,21,1,6.91
208,Matagami,CA,2021-02-07 03:13:15,49.7502,-77.6328,1.4,85,90,3.44
209,San Quintin,MX,2021-02-07 03:12:07,30.4833,-115.95,59.83,72,0,4.94
210,Leningradskiy,RU,2021-02-07 03:13:16,69.3833,178.4167,-10.86,74,6,5.82
211,Geraldton,AU,2021-02-07 03:13:16,-28.7667,114.6,73.4,73,75,23.02
212,El Alto,PE,2021-02-07 03:13:16,-4.2714,-81.2147,72.95,79,59,15.26
213,Dzaoudzi,YT,2021-02-07 03:13:17,-12.7887,45.2699,80.6,83,20,6.91
214,Tibati,CM,2021-02-07 03:11:05,6.4667,12.6333,62.56,30,29,3.94
215,Road Town,VG,2021-02-07 03:12:47,18.4167,-64.6167,78.01,94,25,3.0
216,San Patricio,US,2021-02-07 03:12:35,28.017,-97.5169,64.4,59,1,5.75
217,Qaqortoq,GL,2021-02-07 03:12:44,60.7167,-46.0333,44.6,31,75,17.27
218,Tessalit,ML,2021-02-07 03:13:17,20.1986,1.0114,66.87,23,100,5.61
219,Snezhnogorsk,RU,2021-02-07 03:13:17,69.1933,33.2531,21.2,86,75,8.95
220,Klaksvik,FO,2021-02-07 03:13:18,62.2266,-6.589,35.6,60,75,14.97
221,Puerto Leguizamo,CO,2021-02-07 03:13:18,-0.1934,-74.7819,73.38,96,100,1.41
222,Duki,PK,2021-02-07 03:13:18,30.1541,68.5728,49.32,42,0,1.1
223,Yar-Sale,RU,2021-02-07 03:13:18,66.8333,70.8333,-24.48,86,100,17.02
224,Empalme,MX,2021-02-07 03:13:18,27.9667,-110.8167,62.6,77,1,11.5
225,Tasiilaq,GL,2021-02-07 03:13:19,65.6145,-37.6368,33.8,51,62,21.85
226,Tuatapere,NZ,2021-02-07 03:12:18,-46.1333,167.6833,69.6,52,6,7.78
227,Maceio,BR,2021-02-07 03:13:21,-9.6658,-35.7353,75.2,94,40,6.91
228,Presidencia Roque Saenz Pena,AR,2021-02-07 03:13:21,-26.7852,-60.4388,72.0,70,0,1.01
229,Wadi Musa,JO,2021-02-07 03:13:22,30.3222,35.4793,44.4,73,0,0.27
230,Te Anau,NZ,2021-02-07 03:13:23,-45.4167,167.7167,75.76,36,0,6.38
231,Xalpatlahuac,MX,2021-02-07 03:13:23,17.4667,-98.6167,61.27,82,2,4.25
232,Pevek,RU,2021-02-07 03:13:23,69.7008,170.3133,-7.04,87,0,4.65
233,Simao,CN,2021-02-07 03:13:23,22.7886,100.9748,64.44,83,75,1.68
234,Athabasca,CA,2021-02-07 03:13:23,54.7169,-113.2854,-31.0,68,100,1.14
235,Hambantota,LK,2021-02-07 03:13:24,6.1241,81.1185,75.2,100,89,5.75
236,Bentiu,SS,2021-02-07 03:13:24,9.2333,29.8333,61.18,31,49,6.67
237,Chino Valley,US,2021-02-07 03:13:24,34.7575,-112.4538,46.99,34,1,8.05
238,Srednekolymsk,RU,2021-02-07 03:13:24,67.45,153.6833,-13.0,84,0,1.59
239,Komsomolskiy,UZ,2021-02-07 03:13:25,40.4272,71.7189,42.8,52,96,9.22
240,Muisne,EC,2021-02-07 03:13:25,0.6,-80.0333,77.85,88,98,2.48
241,Port Hardy,CA,2021-02-07 03:13:25,50.6996,-127.4199,41.0,75,75,11.5
242,Carnarvon,AU,2021-02-07 03:11:14,-24.8667,113.6333,86.0,100,40,12.66
243,Bagan,RU,2021-02-07 03:13:25,54.1001,77.6646,34.75,99,100,21.56
244,Lokosovo,RU,2021-02-07 03:13:25,61.1333,74.8167,31.96,98,100,10.71
245,Sikonge,TZ,2021-02-07 03:13:26,-5.6333,32.7667,68.0,100,75,2.82
246,Vao,NC,2021-02-07 03:12:20,-22.6667,167.4833,78.46,79,0,8.86
247,Souillac,MU,2021-02-07 03:12:25,-20.5167,57.5167,77.0,94,40,3.44
248,Mocuba,MZ,2021-02-07 03:13:26,-16.8392,36.9856,72.86,95,96,2.17
249,Diamantino,BR,2021-02-07 03:13:26,-14.4086,-56.4461,74.88,77,96,2.46
250,Luanda,AO,2021-02-07 03:13:27,-8.8368,13.2343,78.8,83,75,5.75
251,Makueni,KE,2021-02-07 03:13:27,-1.8041,37.6203,65.12,89,100,1.68
252,Katsuura,JP,2021-02-07 03:13:27,35.1333,140.3,60.01,44,0,9.22
253,Cabo San Lucas,MX,2021-02-07 03:13:28,22.8909,-109.9124,66.2,68,20,3.44
254,Sungairaya,ID,2021-02-07 03:13:28,0.7,108.9,83.66,73,93,9.01
255,Gambo,CF,2021-02-07 03:11:11,4.6482,22.2633,61.27,32,27,2.48
256,Ixtapa,MX,2021-02-07 03:13:28,20.7,-105.2,71.6,83,1,3.44
257,Tanout,NE,2021-02-07 03:12:46,14.9709,8.8879,59.22,29,38,10.78
258,Antofagasta,CL,2021-02-07 03:08:30,-23.65,-70.4,66.2,77,20,5.75
259,Joshimath,IN,2021-02-07 03:13:29,30.5667,79.5667,48.92,38,0,10.85
260,Husavik,IS,2021-02-07 03:13:29,66.0449,-17.3389,32.0,74,90,5.75
261,Marsh Harbour,BS,2021-02-07 03:13:29,26.5412,-77.0636,74.97,87,0,18.34
262,Burgthann,DE,2021-02-07 03:13:29,49.352,11.3115,37.0,86,99,4.0
263,Petropavlovsk-Kamchatskiy,RU,2021-02-07 03:11:56,53.0452,158.6483,24.8,80,40,6.71
264,Maniitsoq,GL,2021-02-07 03:13:30,65.4167,-52.9,31.95,81,0,21.74
265,Zharkent,KZ,2021-02-07 03:13:30,44.1628,80.0,34.12,79,100,0.89
266,Yamada,JP,2021-02-07 03:13:30,39.4667,141.95,43.36,79,76,2.39
267,Ballina,AU,2021-02-07 03:13:30,-28.8667,153.5667,89.6,61,89,10.36
268,Tarakan,ID,2021-02-07 03:13:31,3.3,117.6333,82.4,83,75,5.75
269,Muromtsevo,RU,2021-02-07 03:13:31,56.3724,75.2418,27.46,98,100,14.47
270,Tarko-Sale,RU,2021-02-07 03:13:31,64.9225,77.785,-4.81,92,100,17.09
271,Broome,US,2021-02-07 03:11:50,42.2506,-75.833,23.0,36,1,4.61
272,Cayenne,GF,2021-02-07 03:12:25,4.9333,-52.3333,78.8,100,75,1.14
273,Nikolskoye,RU,2021-02-07 03:13:32,59.7035,30.7861,10.4,85,75,13.42
274,Charleston,US,2021-02-07 03:13:21,32.7766,-79.9309,48.0,100,100,10.36
275,Mildmay,CA,2021-02-07 03:13:32,44.0501,-81.1164,15.01,79,99,12.66
276,Viedma,AR,2021-02-07 03:13:33,-40.8135,-62.9967,62.01,71,100,1.01
277,Paita,PE,2021-02-07 03:13:33,-5.0892,-81.1144,74.73,76,100,12.26
278,Lazi,UA,2021-02-07 03:13:33,48.0667,24.2333,33.19,91,100,3.38
279,Mackay,AU,2021-02-07 03:13:33,-21.15,149.2,91.99,62,40,10.36
280,Vostok,RU,2021-02-07 03:13:33,46.4856,135.8833,-2.6,88,100,4.52
281,Grodzisk Wielkopolski,PL,2021-02-07 03:13:33,52.2276,16.3653,21.99,65,97,1.99
282,Kutum,SD,2021-02-07 03:13:34,14.2,24.6667,45.59,55,5,7.94
283,Oyama,JP,2021-02-07 03:13:34,36.3,139.8,61.0,33,20,11.5
284,Nouakchott,MR,2021-02-07 03:13:34,18.0858,-15.9785,59.0,38,1,12.66
285,Tonj,SS,2021-02-07 03:13:34,7.2737,28.6822,61.79,28,5,6.22
286,Saint-Joseph,RE,2021-02-07 03:13:35,-21.3667,55.6167,80.6,69,0,5.75
287,Port Elizabeth,ZA,2021-02-07 03:13:35,-33.918,25.5701,68.0,77,0,12.66
288,Vila Velha,BR,2021-02-07 03:13:35,-20.3297,-40.2925,82.0,88,90,6.91
289,Walvis Bay,NA,2021-02-07 03:13:35,-22.9575,14.5053,63.0,88,12,8.05
290,Kasulu,TZ,2021-02-07 03:10:28,-4.5767,30.1025,68.0,100,20,3.49
291,Manokwari,ID,2021-02-07 03:12:15,-0.8667,134.0833,77.76,87,100,1.95
292,Japura,ID,2021-02-07 03:13:35,-0.3167,102.35,85.17,60,69,4.21
293,Batticaloa,LK,2021-02-07 03:13:36,7.7102,81.6924,79.56,84,94,10.25
294,Ambilobe,MG,2021-02-07 03:12:02,-13.2,49.05,72.95,93,89,2.64
295,Heerenveen,NL,2021-02-07 03:13:36,52.95,5.9333,28.99,89,100,26.66
296,Dunedin,NZ,2021-02-07 03:11:14,-45.8742,170.5036,61.0,76,0,24.0
297,Kungurtug,RU,2021-02-07 03:13:37,50.5994,97.5228,9.9,88,0,1.72
298,Dinagat,PH,2021-02-07 03:13:37,9.9561,125.5933,81.61,81,100,13.58
299,Sorland,NO,2021-02-07 03:13:37,67.667,12.6934,35.58,80,100,19.15
300,Constitucion,CL,2021-02-07 03:11:11,-35.3333,-72.4167,56.59,90,19,4.68
301,Taoudenni,ML,2021-02-07 03:13:37,22.6783,-3.9836,59.09,36,79,9.89
302,Anadyr,RU,2021-02-07 03:13:38,64.75,177.4833,-11.0,77,20,4.47
303,Jibuti,DJ,2021-02-07 03:13:38,11.5,42.5,73.4,78,1,2.13
304,Ketchikan,US,2021-02-07 03:13:38,55.3422,-131.6461,37.4,93,40,6.91
305,Talas,TR,2021-02-07 03:13:39,38.6908,35.5538,26.6,86,0,2.19
306,Kamaishi,JP,2021-02-07 03:12:22,39.2667,141.8833,37.4,93,75,3.44
307,Namatanai,PG,2021-02-07 03:13:39,-3.6667,152.4333,85.53,65,81,7.61
308,Boa Vista,BR,2021-02-07 03:13:39,2.8197,-60.6733,80.6,65,0,8.05
309,Chokurdakh,RU,2021-02-07 03:11:08,70.6333,147.9167,-23.22,85,81,4.97
310,Yeppoon,AU,2021-02-07 03:13:39,-23.1333,150.7333,96.8,41,90,6.91
311,Yellowknife,CA,2021-02-07 03:12:24,62.456,-114.3525,-40.0,66,1,3.44
312,Phan Thiet,VN,2021-02-07 03:13:40,10.9333,108.1,81.81,57,94,6.29
313,Siniscola,IT,2021-02-07 03:13:40,40.5719,9.6922,60.46,58,100,5.68
314,Oktyabrskiy,RU,2021-02-07 03:13:40,54.4815,53.471,-2.38,89,100,14.27
315,Harper,LR,2021-02-07 03:13:40,4.375,-7.7169,78.78,89,17,7.05
316,Puerto Del Rosario,ES,2021-02-07 03:13:40,28.5004,-13.8627,59.0,72,20,9.22
317,Dumai,ID,2021-02-07 03:13:41,1.6833,101.45,87.08,58,79,3.78
318,Kavaratti,IN,2021-02-07 03:13:41,10.5669,72.642,81.46,60,81,9.35
319,Byumba,RW,2021-02-07 03:13:41,-1.5763,30.0675,64.4,94,75,2.3
320,Sabang,ID,2021-02-07 03:13:41,5.8933,95.3214,82.49,77,9,18.14
321,Arvika,SE,2021-02-07 03:13:41,59.6553,12.5852,17.6,92,40,6.91
322,Ibra,OM,2021-02-07 03:13:42,22.6906,58.5334,48.97,80,0,1.3
323,Chingirlau,KZ,2021-02-07 03:13:42,51.095,54.0814,10.24,95,100,11.3
324,Baker City,US,2021-02-07 03:11:36,44.7749,-117.8344,44.6,49,1,19.57
325,Bandarbeyla,SO,2021-02-07 03:13:42,9.4942,50.8122,74.8,82,11,11.52
326,Mount Isa,AU,2021-02-07 03:13:43,-20.7333,139.5,80.6,89,75,10.36
327,Schoningen,DE,2021-02-07 03:13:43,52.138,10.9675,21.99,95,100,15.01
328,Norman Wells,CA,2021-02-07 03:13:43,65.282,-126.8329,-29.2,75,75,2.3
329,Coahuayana,MX,2021-02-07 03:09:45,18.7333,-103.6833,70.48,84,0,2.35
330,Sindgi,IN,2021-02-07 03:13:44,16.9167,76.2333,69.93,46,0,8.08
331,Siloam Springs,US,2021-02-07 03:11:19,36.1881,-94.5405,30.2,86,90,10.36
332,Nadym,RU,2021-02-07 03:13:44,65.5333,72.5167,-15.12,89,100,17.96
333,Puerto Maldonado,PE,2021-02-07 03:13:44,-12.6,-69.1833,74.12,96,97,1.66
334,Rocha,UY,2021-02-07 03:12:26,-34.4833,-54.3333,62.89,93,6,4.03
335,Konstantinovka,RU,2021-02-07 03:13:45,49.6167,127.9833,-11.43,88,94,7.54
336,Killybegs,IE,2021-02-07 03:13:45,54.6333,-8.45,39.99,88,86,5.99
337,Deputatskiy,RU,2021-02-07 03:13:45,69.3,139.9,-29.54,84,56,1.34
338,Sungaipenuh,ID,2021-02-07 03:13:45,-2.0833,101.3833,79.88,54,52,1.83
339,Minamiashigara,JP,2021-02-07 03:13:45,35.3193,139.099,59.0,59,0,3.0
340,Kpandae,GH,2021-02-07 03:13:46,8.4689,-0.0113,81.57,74,68,6.89
341,Baruun-Urt,MN,2021-02-07 03:13:46,46.6806,113.2792,-3.84,86,1,10.63
342,Torbay,CA,2021-02-07 03:11:43,47.6666,-52.7314,37.99,93,90,23.02
343,Guaymas,MX,2021-02-07 03:13:46,27.9333,-110.9,62.6,77,1,11.5
344,Kabanjahe,ID,2021-02-07 03:13:47,3.1001,98.4908,86.0,84,40,5.75
345,Quatre Cocos,MU,2021-02-07 03:12:01,-20.2078,57.7625,79.0,94,40,3.44
346,Cubarral,CO,2021-02-07 03:13:47,3.7935,-73.8406,74.48,72,96,5.12
347,Sangar,RU,2021-02-07 03:12:16,63.9242,127.4739,-30.32,80,13,10.83
348,Hervey Bay,AU,2021-02-07 03:13:47,-25.2986,152.8535,91.0,48,3,14.97
349,Bull Savanna,JM,2021-02-07 03:13:48,17.8868,-77.5902,73.53,88,11,12.59
350,Naze,JP,2021-02-07 03:12:48,28.3667,129.4833,68.0,60,40,11.5
351,Launceston,AU,2021-02-07 03:13:48,-41.45,147.1667,73.99,42,3,11.5
352,Jiangmen,CN,2021-02-07 03:13:48,22.5833,113.0833,79.0,64,0,1.99
353,Pafos,CY,2021-02-07 03:13:49,34.7667,32.4167,50.0,81,90,10.36
354,Touros,BR,2021-02-07 03:11:57,-5.1989,-35.4608,75.2,88,20,3.44
355,Malanje,AO,2021-02-07 03:13:49,-9.5402,16.341,64.17,98,100,5.03
356,Nemuro,JP,2021-02-07 03:13:49,43.3236,145.575,21.2,86,75,11.5
357,Poli,TZ,2021-02-07 03:13:49,-3.3333,36.8,68.0,88,75,2.24
358,Malartic,CA,2021-02-07 03:13:50,48.1335,-78.1328,10.99,78,20,8.05
359,Acarau,BR,2021-02-07 03:13:50,-2.8856,-40.12,77.67,86,22,10.04
360,Utiel,ES,2021-02-07 03:13:50,39.5667,-1.2,53.01,84,31,6.11
361,Simbahan,PH,2021-02-07 03:12:46,6.3032,120.5836,81.3,79,100,8.75
362,Talnakh,RU,2021-02-07 03:12:13,69.4865,88.3972,-29.04,72,0,1.92
363,Atar,MR,2021-02-07 03:10:53,20.5169,-13.0499,56.26,43,33,11.83
364,Kiruna,SE,2021-02-07 03:13:50,67.8557,20.2251,21.2,86,90,6.91
365,Vincennes,FR,2021-02-07 03:13:51,48.85,2.4333,44.6,87,90,5.75
366,Nome,US,2021-02-07 03:13:51,64.5011,-165.4064,15.8,79,90,3.44
367,Nicoya,CR,2021-02-07 03:13:51,10.1483,-85.452,80.6,65,0,10.36
368,Praya,CV,2021-02-07 03:11:33,14.9215,-23.5087,68.0,64,75,14.97
369,Mitsamiouli,KM,2021-02-07 03:13:51,-11.3847,43.2844,81.9,75,99,7.09
370,Isangel,VU,2021-02-07 03:13:51,-19.55,169.2667,86.0,79,20,5.75
371,Bulgan,MN,2021-02-07 03:13:52,48.8125,103.5347,9.48,88,0,2.55
372,Nuuk,GL,2021-02-07 03:11:07,64.1835,-51.7216,37.4,41,20,24.16
373,Ferme-Neuve,CA,2021-02-07 03:13:52,46.7001,-75.4493,15.8,67,85,9.22
374,George,ZA,2021-02-07 03:13:52,-33.963,22.4617,62.6,94,0,6.91
375,Bajil,YE,2021-02-07 03:13:18,15.0584,43.2851,70.68,66,0,6.38
376,Arlit,NE,2021-02-07 03:13:53,18.7369,7.3853,61.36,26,70,4.47
377,Zeya,RU,2021-02-07 03:13:29,53.75,127.2667,-3.3,80,0,3.15
378,Gumdag,TM,2021-02-07 03:13:53,39.2061,54.5906,46.98,81,100,14.5
379,Sumbawanga,TZ,2021-02-07 03:13:53,-7.9667,31.6167,62.6,100,40,2.48
380,Pacific Grove,US,2021-02-07 03:13:30,36.6177,-121.9166,52.0,87,1,6.04
381,Champerico,GT,2021-02-07 03:11:06,14.3,-91.9167,66.0,90,0,6.11
382,Port-Gentil,GA,2021-02-07 03:13:54,-0.7193,8.7815,81.36,79,85,13.47
383,Padang,ID,2021-02-07 03:13:54,-0.9492,100.3543,86.0,62,20,3.44
384,Port Lincoln,AU,2021-02-07 03:13:54,-34.7333,135.8667,63.93,64,92,12.53
385,Zhigansk,RU,2021-02-07 03:12:59,66.7697,123.3711,-35.09,81,100,14.79
386,Port Blair,IN,2021-02-07 03:11:43,11.6667,92.75,82.26,67,0,10.22
387,Yulara,AU,2021-02-07 03:13:55,-25.2406,130.9889,91.4,19,0,12.66
388,Kachiry,KZ,2021-02-07 03:13:55,53.0675,76.1036,28.2,93,82,28.27
389,Banjar,ID,2021-02-07 03:13:55,-8.19,114.9675,86.0,70,20,3.44
390,Bubaque,GW,2021-02-07 03:13:55,11.2833,-15.8333,78.1,52,67,22.79
391,Longyearbyen,SJ,2021-02-07 03:13:56,78.2186,15.6401,15.8,79,75,13.8
392,Sainte-Maxime,FR,2021-02-07 03:13:56,43.3,6.6333,57.2,77,96,10.36
393,Limoeiro,BR,2021-02-07 03:13:56,-7.8747,-35.4503,78.8,73,40,3.44
394,Lavrentiya,RU,2021-02-07 03:11:09,65.5833,-171.0,-12.42,79,0,1.12
395,Polovinnoye,RU,2021-02-07 03:13:56,54.7914,65.9864,12.02,94,100,21.92
396,Imeni Poliny Osipenko,RU,2021-02-07 03:12:42,52.4201,136.4853,4.93,89,100,14.63
397,Mimongo,GA,2021-02-07 03:13:57,-1.6195,11.6068,69.13,94,36,2.57
398,Mahibadhoo,MV,2021-02-07 03:13:57,3.7833,72.9667,81.39,77,71,12.77
399,Kaka,TM,2021-02-07 03:13:57,37.3482,59.6143,50.0,75,100,4.65
400,Lumut,MY,2021-02-07 03:13:57,4.2323,100.6298,80.6,83,20,3.44
401,Sobolevo,RU,2021-02-07 03:13:57,54.4299,31.8996,-5.35,92,64,7.74
402,Le Vauclin,MQ,2021-02-07 03:13:58,14.5452,-60.8388,75.2,88,0,11.5
403,Sande,DE,2021-02-07 03:13:58,53.5049,8.0142,27.0,54,100,31.07
404,Marsa Matruh,EG,2021-02-07 03:13:58,31.3525,27.2453,48.2,81,0,6.91
405,Cam Ranh,VN,2021-02-07 03:13:58,11.9214,109.1591,75.2,73,75,8.05
406,Bereznik,RU,2021-02-07 03:13:58,62.8551,42.7072,-14.35,86,63,8.75
407,Kenai,US,2021-02-07 03:13:58,60.5544,-151.2583,17.01,86,90,3.44
408,Ust-Maya,RU,2021-02-07 03:13:59,60.4167,134.5333,-20.88,83,95,0.4
409,Sretensk,RU,2021-02-07 03:13:59,52.2453,117.7093,-6.79,84,100,1.5
410,Sarh,TD,2021-02-07 03:13:59,9.1429,18.3923,75.2,19,0,6.91
411,Havelock,US,2021-02-07 03:13:59,34.8791,-76.9013,46.0,70,90,9.22
412,Dauphin,CA,2021-02-07 03:13:59,51.1494,-100.0502,-23.8,62,1,11.5
413,Cartagena,CO,2021-02-07 03:11:19,10.3997,-75.5144,78.8,83,0,9.22
414,Ganganagar,IN,2021-02-07 03:13:59,29.9167,73.8833,55.98,41,0,2.21
415,Kununurra,AU,2021-02-07 03:14:00,-15.7667,128.7333,87.8,74,75,3.44
416,Abu Kamal,SY,2021-02-07 03:14:00,34.4506,40.9171,50.85,62,0,10.33
417,La Grande,US,2021-02-07 03:14:00,45.3246,-118.0877,42.01,60,90,6.91
418,Ferkessedougou,CI,2021-02-07 03:11:04,9.6,-5.2,78.62,41,100,1.7
419,Makakilo City,US,2021-02-07 03:14:01,21.3469,-158.0858,78.8,44,1,13.8
420,Namibe,AO,2021-02-07 03:13:26,-15.1961,12.1522,70.57,81,49,3.74
421,Saint-Esteve,FR,2021-02-07 03:14:01,42.7131,2.843,51.8,54,90,25.32
422,Muli,MV,2021-02-07 03:14:01,2.9167,73.5667,81.9,76,70,14.23
423,Otjimbingwe,NA,2021-02-07 03:14:01,-22.35,16.1333,75.97,26,0,6.29
424,Tobol,KZ,2021-02-07 03:14:01,52.6844,62.5794,6.4,89,58,23.82
425,Zhanaozen,KZ,2021-02-07 03:12:26,43.3,52.8,33.66,83,42,8.68
426,Ellensburg,US,2021-02-07 03:14:02,46.9965,-120.5479,41.0,83,13,4.0
427,Makhinjauri,GE,2021-02-07 03:14:02,41.6739,41.694,53.6,62,90,19.57
428,Kirakira,SB,2021-02-07 03:12:37,-10.4544,161.9205,80.29,84,100,9.15
429,Marsberg,DE,2021-02-07 03:14:02,51.4617,8.8495,27.0,94,100,17.81
430,Tautira,PF,2021-02-07 03:14:03,-17.7333,-149.15,84.2,65,20,13.8
431,Huron,US,2021-02-07 03:14:03,41.1501,-82.5499,16.0,80,100,2.95
432,Porto Torres,IT,2021-02-07 03:14:03,40.835,8.3972,60.8,77,20,6.91
433,Kathmandu,NP,2021-02-07 03:14:03,27.7167,85.3167,41.0,93,20,2.3
434,Kaitangata,NZ,2021-02-07 03:14:04,-46.2817,169.8464,66.99,72,2,8.01
435,Tura,IN,2021-02-07 03:14:04,25.5198,90.2201,67.73,44,100,2.48
436,Butembo,CD,2021-02-07 03:12:27,0.15,29.2833,59.16,67,81,1.61
437,Svetlogorsk,BY,2021-02-07 03:12:24,52.6333,29.7333,-0.13,92,2,5.23
438,Cockburn Town,TC,2021-02-07 03:14:05,21.4612,-71.1419,77.31,77,0,22.88
439,Suhbaatar,MN,2021-02-07 03:14:05,50.2314,106.2078,2.46,89,96,6.64
440,Shingu,JP,2021-02-07 03:11:47,33.7333,135.9833,57.2,47,20,16.11
441,Rio Gallegos,AR,2021-02-07 03:11:22,-51.6226,-69.2181,52.0,60,22,2.26
442,Kolvereid,NO,2021-02-07 03:14:05,64.8655,11.6047,17.2,91,0,5.21
443,Altamont,US,2021-02-07 03:14:05,42.2068,-121.7372,37.4,52,1,10.36
444,Batemans Bay,AU,2021-02-07 03:14:06,-35.7167,150.1833,75.99,68,41,3.0
445,Lompoc,US,2021-02-07 03:11:08,34.6391,-120.4579,54.0,93,1,5.37
446,San Vicente,AR,2021-02-07 03:14:06,-26.6167,-54.1333,58.12,96,0,3.69
447,Kieta,PG,2021-02-07 03:11:59,-6.2167,155.6333,85.26,72,86,7.11
448,Lincoln,US,2021-02-07 03:09:19,40.8,-96.667,3.99,80,22,1.01
449,Nuevo Casas Grandes,MX,2021-02-07 03:14:07,30.4167,-107.9167,50.94,42,0,2.75
450,Lengshuitan,CN,2021-02-07 03:14:07,26.4111,111.5956,70.56,49,17,0.18
451,Kirgiz-Miyaki,RU,2021-02-07 03:14:07,53.6324,54.7979,-2.31,90,100,15.41
452,Kamenka,RU,2021-02-07 03:14:08,51.3223,42.7678,3.99,81,99,11.81
453,Pencaitland,GB,2021-02-07 03:14:08,55.9073,-2.8949,35.6,75,90,16.11
454,Junin,AR,2021-02-07 03:12:09,-34.5838,-60.9433,64.0,45,0,6.64
455,New Glasgow,CA,2021-02-07 03:14:08,45.5834,-62.6486,30.99,64,83,9.22
456,Pangnirtung,CA,2021-02-07 03:14:08,66.1451,-65.7125,23.61,80,81,3.47
457,Port Hueneme,US,2021-02-07 03:14:09,34.1478,-119.1951,55.99,88,1,3.44
458,Kiunga,PG,2021-02-07 03:14:09,-6.1219,141.2906,89.22,56,80,8.05
459,Emba,KZ,2021-02-07 03:14:09,48.8264,58.1442,8.74,94,82,10.74
460,Kandrian,PG,2021-02-07 03:14:09,-6.2167,149.55,87.64,64,98,8.28
461,Noumea,NC,2021-02-07 03:14:09,-22.2763,166.4572,86.0,66,75,10.36
462,Kupang,ID,2021-02-07 03:11:33,-10.1667,123.5833,82.96,77,65,8.28
463,Whitefish,US,2021-02-07 03:13:17,48.4111,-114.3376,19.4,73,90,20.71
464,Bekwai,GH,2021-02-07 03:14:10,6.4534,-1.5774,74.89,92,49,4.74
465,Maragogi,BR,2021-02-07 03:14:10,-9.0122,-35.2225,76.71,87,80,7.56
466,Vadso,NO,2021-02-07 03:14:11,70.0744,29.7487,24.8,74,75,20.71
467,Aquiraz,BR,2021-02-07 03:14:11,-3.9014,-38.3911,80.6,78,20,6.91
468,Bogalusa,US,2021-02-07 03:14:11,30.791,-89.8487,50.0,87,90,1.07
469,Platanos,GR,2021-02-07 03:14:12,37.6667,21.6167,44.6,93,20,4.61
470,Sao Felix Do Xingu,BR,2021-02-07 03:12:29,-6.6447,-51.995,72.66,94,100,0.85
471,Vagur,FO,2021-02-07 03:14:13,61.4732,-6.8119,36.91,77,100,20.29
472,Ust-Kulom,RU,2021-02-07 03:14:13,61.6864,53.6902,-15.47,88,100,9.71
473,Vilhena,BR,2021-02-07 03:13:04,-12.7406,-60.1458,69.15,92,77,2.53
474,Anshun,CN,2021-02-07 03:14:13,26.25,105.9333,52.29,84,99,6.8
475,Sri Aman,MY,2021-02-07 03:14:13,1.2376,111.4621,78.8,94,40,1.32
476,Iberia,US,2021-02-07 03:11:00,29.9502,-91.7507,57.2,94,90,5.28
477,Bambanglipuro,ID,2021-02-07 03:10:55,-7.95,110.2833,87.15,61,7,3.02
478,Baghdad,IQ,2021-02-07 03:14:14,33.3406,44.4009,53.6,100,75,5.75
479,Riyadh,SA,2021-02-07 03:12:36,24.6877,46.7219,55.4,71,0,8.05
480,Talcahuano,CL,2021-02-07 03:12:01,-36.7167,-73.1167,59.0,88,90,4.61
481,Pozo Colorado,PY,2021-02-07 03:14:17,-23.4923,-58.7972,67.28,72,0,4.61
482,Talara,PE,2021-02-07 03:12:13,-4.5772,-81.2719,73.99,81,92,12.86
483,Boueni,YT,2021-02-07 03:14:18,-12.9025,45.0761,80.6,83,20,6.91
484,Dunkirk,FR,2021-02-07 03:14:18,51.05,2.3667,34.0,95,100,5.99
485,Alice Springs,AU,2021-02-07 03:14:18,-23.7,133.8833,89.01,23,3,14.97
486,Nyuzen,JP,2021-02-07 03:14:19,36.9333,137.5,44.01,87,75,10.36
487,Tacuarembo,UY,2021-02-07 03:14:19,-31.7333,-55.9833,64.42,69,0,2.44
488,San Cristobal,VE,2021-02-07 03:12:06,7.7669,-72.225,66.07,89,100,1.3
489,Eureka,US,2021-02-07 03:11:08,40.8021,-124.1637,46.99,85,25,1.99
490,Visby,SE,2021-02-07 03:14:20,57.6409,18.296,26.6,80,90,6.91
491,Ostrovnoy,RU,2021-02-07 03:14:20,68.0531,39.5131,6.33,91,100,9.57
492,Santa Cruz,BO,2021-02-07 03:14:20,-17.8,-63.1667,77.0,78,23,5.75
493,Hami,CN,2021-02-07 03:14:20,42.8,93.45,37.27,61,99,4.65
494,Quime,BO,2021-02-07 03:14:20,-16.9833,-67.2167,52.14,74,100,3.42
495,Bichura,RU,2021-02-07 03:14:20,50.5881,107.6022,7.79,88,97,1.83
496,Comodoro Rivadavia,AR,2021-02-07 03:11:11,-45.8667,-67.5,57.2,72,0,6.91
497,Methoni,GR,2021-02-07 03:14:21,36.8197,21.7049,53.01,100,93,3.44
498,Kabalo,CD,2021-02-07 03:14:21,-6.05,26.9167,70.57,94,100,2.24
499,Akom,CM,2021-02-07 03:14:21,2.6678,12.7109,68.41,93,11,3.98
500,Yumen,CN,2021-02-07 03:14:22,40.2833,97.2,35.89,55,100,4.61
501,Port Hedland,AU,2021-02-07 03:14:22,-20.3167,118.5667,87.8,51,75,12.66
502,Kolpashevo,RU,2021-02-07 03:14:22,58.3131,82.9089,30.15,97,100,13.56
503,Luganville,VU,2021-02-07 03:14:22,-15.5333,167.1667,84.94,65,37,7.7
504,Sibolga,ID,2021-02-07 03:14:22,1.7427,98.7792,86.23,57,28,1.61
505,Sao Jose Da Coroa Grande,BR,2021-02-07 03:14:22,-8.8978,-35.1478,77.18,86,65,7.92
506,Tsiroanomandidy,MG,2021-02-07 03:14:23,-18.7667,46.0333,68.05,93,100,0.96
507,Vanimo,PG,2021-02-07 03:14:23,-2.6741,141.3028,82.13,81,99,5.44
508,Carutapera,BR,2021-02-07 03:11:05,-1.195,-46.02,77.77,87,69,5.12
509,Ippy,CF,2021-02-07 03:14:23,6.2679,21.2247,64.89,28,0,4.76
510,Sinegorye,RU,2021-02-07 03:14:23,62.0788,150.477,-12.33,85,100,2.95
511,Ambulu,ID,2021-02-07 03:14:24,-8.345,113.6058,86.63,63,28,2.26
512,Beian,NO,2021-02-07 03:14:24,63.6559,9.5683,21.2,86,20,10.36
513,Bara,NG,2021-02-07 03:12:42,10.3744,10.7288,68.99,23,100,7.9
514,Arroyos Y Esteros,PY,2021-02-07 03:14:24,-25.0667,-57.1,68.0,88,0,3.44
515,Polson,US,2021-02-07 03:14:25,47.6936,-114.1632,30.0,50,100,10.07
516,San Andres,CO,2021-02-07 03:14:25,12.5847,-81.7006,80.6,74,20,10.36
517,Palmerston North,NZ,2021-02-07 03:14:25,-40.35,175.6167,82.0,39,95,3.0
518,Alyangula,AU,2021-02-07 03:14:25,-13.8483,136.4192,84.2,74,90,19.57
519,Moba,CN,2021-02-07 03:14:25,33.2288,105.0179,42.67,53,49,4.99
520,Fort Oglethorpe,US,2021-02-07 03:14:26,34.949,-85.2569,37.4,93,90,3.44
521,Bahia Honda,CU,2021-02-07 03:14:26,22.9036,-83.1592,75.52,87,4,10.2
522,Radhanpur,IN,2021-02-07 03:14:26,23.8333,71.6,61.66,32,0,9.15
523,Tres Lagoas,BR,2021-02-07 03:14:26,-20.7511,-51.6783,67.17,74,0,4.79
524,Marrakesh,MA,2021-02-07 03:13:13,31.6315,-8.0083,48.2,81,75,5.75
525,Dejen,ET,2021-02-07 03:14:27,10.1667,38.1333,48.0,51,99,1.48
526,Sept-Iles,CA,2021-02-07 03:13:26,50.2001,-66.3821,26.6,68,99,12.66
527,Resistencia,AR,2021-02-07 03:14:27,-27.4606,-58.9839,70.0,88,0,2.3
528,Horoatu Crasnei,RO,2021-02-07 03:14:27,47.1333,22.8833,37.0,100,75,4.61
529,Karwar,IN,2021-02-07 03:14:27,14.8,74.1333,75.15,46,70,6.42
530,Puerto Montt,CL,2021-02-07 03:14:28,-41.4698,-72.9447,57.2,77,0,5.75
531,Praia,CV,2021-02-07 03:14:28,14.9215,-23.5087,68.0,64,75,14.97
532,Magdalena,PH,2021-02-07 03:14:28,14.1999,121.429,89.01,62,20,9.22
533,Prince Rupert,CA,2021-02-07 03:11:10,54.3161,-130.3201,39.2,87,75,2.3
534,Salalah,OM,2021-02-07 03:14:29,17.0151,54.0924,73.4,68,75,3.44
535,Rutland,US,2021-02-07 03:10:47,43.6167,-73.0162,21.2,49,1,4.61
536,Faya,SA,2021-02-07 03:11:23,18.3851,42.4509,48.2,87,0,2.55
